uid,namedLocation,domainID,siteID,plotID,plotType,pointID,startDate,eventID,pointCountMinute,targetTaxaPresent,taxonID,scientificName,taxonRank,vernacularName,observerDistance,detectionMethod,visualConfirmation,sexOrAge,clusterSize,clusterCode,identifiedBy
"8747c91c-cc98-40fb-ad47-38e7c49ae17b","HARV_023.birdGrid.brd","D01","HARV","HARV_023","distributed","A1","2015-05-30T10Z","HARV_023.A1.2015-05-30T05:30-04:00[US/Eastern]",5,"Y","SCTA","Piranga olivacea","species","Scarlet Tanager",7,"singing","No","Male",1,,"JRUEB"
"c29cb598-2351-486c-a858-4b283a3fb445","HARV_023.birdGrid.brd","D01","HARV","HARV_023","distributed","A1","2015-05-30T10Z","HARV_023.A1.2015-05-30T05:30-04:00[US/Eastern]",3,"Y","CSWA","Setophaga pensylvanica","species","Chestnut-sided Warbler",44,"singing","No","Male",1,,"JRUEB"
"abf48c81-a66a-4119-9ea2-8466bf5a27c6","HARV_023.birdGrid.brd","D01","HARV","HARV_023","distributed","A1","2015-05-30T10Z","HARV_023.A1.2015-05-30T05:30-04:00[US/Eastern]",1,"Y","REVI","Vireo olivaceus","species","Red-eyed Vireo",16,"singing","No","Male",1,,"JRUEB"
"ed4b1b46-6e98-4aba-baa4-051c4aedb9fc","HARV_023.birdGrid.brd","D01","HARV","HARV_023","distributed","A1","2015-05-30T10Z","HARV_023.A1.2015-05-30T05:30-04:00[US/Eastern]",2,"Y","BRCR","Certhia americana","species","Brown Creeper",18,"singing","No","Male",1,,"JRUEB"
"72c3b327-49cb-4c88-af30-2b99d9a135fa","HARV_023.birdGrid.brd","D01","HARV","HARV_023","distributed","A1","2015-05-30T10Z","HARV_023.A1.2015-05-30T05:30-04:00[US/Eastern]",1,"Y","OVEN","Seiurus aurocapilla","species","Ovenbird",28,"singing","No","Male",1,,"JRUEB"
"19ddc96a-48c7-4317-ad14-efcd1c52cc0e","HARV_023.birdGrid.brd","D01","HARV","HARV_023","distributed","A1","2015-05-30T10Z","HARV_023.A1.2015-05-30T05:30-04:00[US/Eastern]",2,"Y","COYE","Geothlypis trichas","species","Common Yellowthroat",9,"singing","No","Male",1,,"JRUEB"
"c46d7972-578b-4fa7-924d-3664c69fa36f","HARV_023.birdGrid.brd","D01","HARV","HARV_023","distributed","A1","2015-05-30T10Z","HARV_023.A1.2015-05-30T05:30-04:00[US/Eastern]",1,"Y","EAWP","Contopus virens","species","Eastern Wood-Pewee",46,"singing","No","Male",1,,"JRUEB"
"5823ab25-474d-49bb-b6fb-19772fe5f3db","HARV_023.birdGrid.brd","D01","HARV","HARV_023","distributed","A1","2015-05-30T10Z","HARV_023.A1.2015-05-30T05:30-04:00[US/Eastern]",1,"Y","OVEN","Seiurus aurocapilla","species","Ovenbird",,"singing","No","Male",1,,"JRUEB"
"aadb7f51-17be-4b79-b678-e873971c6ebb","HARV_023.birdGrid.brd","D01","HARV","HARV_023","distributed","B1","2015-05-30T10Z","HARV_023.B1.2015-05-30T05:58-04:00[US/Eastern]",3,"Y","CSWA","Setophaga pensylvanica","species","Chestnut-sided Warbler",12,"singing","No","Male",1,,"JRUEB"
"0ffd0ae3-1073-4153-acc1-2d6218f6aedd","HARV_023.birdGrid.brd","D01","HARV","HARV_023","distributed","B1","2015-05-30T10Z","HARV_023.B1.2015-05-30T05:58-04:00[US/Eastern]",4,"Y","BLJA","Cyanocitta cristata","species","Blue Jay",35,"singing","No","Male",1,,"JRUEB"
"4ea29d1f-73ea-46b7-9aa2-80a956067a23","HARV_023.birdGrid.brd","D01","HARV","HARV_023","distributed","B1","2015-05-30T10Z","HARV_023.B1.2015-05-30T05:58-04:00[US/Eastern]",1,"Y","RBNU","Sitta canadensis","species","Red-breasted Nuthatch",30,"singing","No","Male",1,,"JRUEB"
"8eb1b3d4-0e82-4323-b4f0-b25a6a35c2ca","HARV_023.birdGrid.brd","D01","HARV","HARV_023","distributed","B1","2015-05-30T10Z","HARV_023.B1.2015-05-30T05:58-04:00[US/Eastern]",1,"Y","REVI","Vireo olivaceus","species","Red-eyed Vireo",20,"singing","No","Male",1,,"JRUEB"
"eafb3146-3e80-4540-9b30-cbea7e01e665","HARV_023.birdGrid.brd","D01","HARV","HARV_023","distributed","B1","2015-05-30T10Z","HARV_023.B1.2015-05-30T05:58-04:00[US/Eastern]",1,"Y","COYE","Geothlypis trichas","species","Common Yellowthroat",7,"singing","No","Male",1,,"JRUEB"
"f835681e-47c5-4ab4-89a0-b6c16518ca2a","HARV_023.birdGrid.brd","D01","HARV","HARV_023","distributed","B1","2015-05-30T10Z","HARV_023.B1.2015-05-30T05:58-04:00[US/Eastern]",2,"Y","OVEN","Seiurus aurocapilla","species","Ovenbird",70,"singing","No","Male",1,,"JRUEB"
"cd8da35a-8433-4f54-8fc0-406edb461eb1","HARV_023.birdGrid.brd","D01","HARV","HARV_023","distributed","B1","2015-05-30T10Z","HARV_023.B1.2015-05-30T05:58-04:00[US/Eastern]",2,"Y","HETH","Catharus guttatus","species","Hermit Thrush",60,"singing","No","Male",1,,"JRUEB"
"f1c03c9f-2496-4462-ae04-146a6d58c274","HARV_023.birdGrid.brd","D01","HARV","HARV_023","distributed","B1","2015-05-30T10Z","HARV_023.B1.2015-05-30T05:58-04:00[US/Eastern]",4,"Y","MODO","Zenaida macroura","species","Mourning Dove",65,"singing","No","Male",1,,"JRUEB"
"80bb4aa7-29c4-48cf-8f36-7b77fb4ea836","HARV_023.birdGrid.brd","D01","HARV","HARV_023","distributed","B1","2015-05-30T10Z","HARV_023.B1.2015-05-30T05:58-04:00[US/Eastern]",1,"Y","COYE","Geothlypis trichas","species","Common Yellowthroat",8,"singing","No","Male",1,,"JRUEB"
"51725240-e1eb-4097-9058-f27d402a93f9","HARV_023.birdGrid.brd","D01","HARV","HARV_023","distributed","B1","2015-05-30T10Z","HARV_023.B1.2015-05-30T05:58-04:00[US/Eastern]",1,"Y","BAWW","Mniotilta varia","species","Black-and-white Warbler",46,"singing","No","Male",1,,"JRUEB"
"b964f41f-2cd2-4e5f-9ecb-fb3cc2a5fdd1","HARV_023.birdGrid.brd","D01","HARV","HARV_023","distributed","B1","2015-05-30T10Z","HARV_023.B1.2015-05-30T05:58-04:00[US/Eastern]",2,"Y","PIWA","Setophaga pinus","species","Pine Warbler",25,"singing","No","Male",1,,"JRUEB"
"3c772fe7-46b7-4fe8-b266-9f844c4ae677","HARV_023.birdGrid.brd","D01","HARV","HARV_023","distributed","C1","2015-05-30T10Z","HARV_023.C1.2015-05-30T06:21-04:00[US/Eastern]",1,"Y","EAKI","Tyrannus tyrannus","species","Eastern Kingbird",14,"calling","No","Unknown",1,,"JRUEB"
"bc6e5d1a-097f-4663-ae7b-ad3fbb294f5f","HARV_023.birdGrid.brd","D01","HARV","HARV_023","distributed","C1","2015-05-30T10Z","HARV_023.C1.2015-05-30T06:21-04:00[US/Eastern]",2,"Y","PIWA","Setophaga pinus","species","Pine Warbler",23,"singing","No","Male",1,,"JRUEB"
"df93f1be-d12a-433b-aa4c-b032726e7e2a","HARV_023.birdGrid.brd","D01","HARV","HARV_023","distributed","C1","2015-05-30T10Z","HARV_023.C1.2015-05-30T06:21-04:00[US/Eastern]",5,"Y","OVEN","Seiurus aurocapilla","species","Ovenbird",15,"singing","No","Male",1,,"JRUEB"
"eaccda6d-3a7d-4350-92bc-68be10632377","HARV_023.birdGrid.brd","D01","HARV","HARV_023","distributed","C1","2015-05-30T10Z","HARV_023.C1.2015-05-30T06:21-04:00[US/Eastern]",5,"Y","CEDW","Bombycilla cedrorum","species","Cedar Waxwing",13,"singing","No","Unknown",1,,"JRUEB"
"0dc5c38f-1355-495c-974c-3c4069d13dcd","HARV_023.birdGrid.brd","D01","HARV","HARV_023","distributed","C1","2015-05-30T10Z","HARV_023.C1.2015-05-30T06:21-04:00[US/Eastern]",3,"Y","RWBL","Agelaius phoeniceus","species","Red-winged Blackbird",46,"singing","No","Male",1,,"JRUEB"
"b6635f07-d7d5-429c-a987-6edcf690beb2","HARV_023.birdGrid.brd","D01","HARV","HARV_023","distributed","C1","2015-05-30T10Z","HARV_023.C1.2015-05-30T06:21-04:00[US/Eastern]",1,"Y","COYE","Geothlypis trichas","species","Common Yellowthroat",10,"singing","Yes","Male",1,,"JRUEB"
"5b739a2f-947e-4f6b-bd15-0ef29f6474b5","HARV_023.birdGrid.brd","D01","HARV","HARV_023","distributed","C1","2015-05-30T10Z","HARV_023.C1.2015-05-30T06:21-04:00[US/Eastern]",5,"Y","VEER","Catharus fuscescens","species","Veery",67,"calling","No","Unknown",1,,"JRUEB"
"62c17dd0-4a39-4fe8-9853-be5df160bb57","HARV_023.birdGrid.brd","D01","HARV","HARV_023","distributed","C1","2015-05-30T10Z","HARV_023.C1.2015-05-30T06:21-04:00[US/Eastern]",5,"Y","HETH","Catharus guttatus","species","Hermit Thrush",74,"singing","No","Male",1,,"JRUEB"
"cb045fdf-e2b9-442d-9d75-a58073be2485","HARV_023.birdGrid.brd","D01","HARV","HARV_023","distributed","C1","2015-05-30T10Z","HARV_023.C1.2015-05-30T06:21-04:00[US/Eastern]",4,"Y","MODO","Zenaida macroura","species","Mourning Dove",46,"singing","No","Male",1,,"JRUEB"
"cb4ba873-8abc-46b2-8abb-1096af3a238c","HARV_023.birdGrid.brd","D01","HARV","HARV_023","distributed","C1","2015-05-30T10Z","HARV_023.C1.2015-05-30T06:21-04:00[US/Eastern]",3,"Y","YEWA","Setophaga petechia","species","Yellow Warbler",42,"singing","No","Male",1,,"JRUEB"
"480a0274-172b-4f64-b340-2d6f5f094fe0","HARV_023.birdGrid.brd","D01","HARV","HARV_023","distributed","C1","2015-05-30T10Z","HARV_023.C1.2015-05-30T06:21-04:00[US/Eastern]",1,"Y","BAWW","Mniotilta varia","species","Black-and-white Warbler",52,"singing","No","Male",1,,"JRUEB"
"f6a9db2f-86ab-443c-8b7b-ec492f691593","HARV_023.birdGrid.brd","D01","HARV","HARV_023","distributed","C1","2015-05-30T10Z","HARV_023.C1.2015-05-30T06:21-04:00[US/Eastern]",2,"Y","COGR","Quiscalus quiscula","species","Common Grackle",,"flyover","No","Unknown",3,"A","JRUEB"
"0f73e113-aba2-4464-8df0-88c0dc4216ea","HARV_023.birdGrid.brd","D01","HARV","HARV_023","distributed","C2","2015-05-30T11Z","HARV_023.C2.2015-05-30T06:46-04:00[US/Eastern]",5,"Y","LEFL","Empidonax minimus","species","Least Flycatcher",15,"calling","No","Unknown",1,,"JRUEB"
"06ddfb28-4d59-4dbb-a05e-eb46c069f6aa","HARV_023.birdGrid.brd","D01","HARV","HARV_023","distributed","C2","2015-05-30T11Z","HARV_023.C2.2015-05-30T06:46-04:00[US/Eastern]",1,"Y","EATO","Pipilo erythrophthalmus","species","Eastern Towhee",10,"singing","No","Male",1,,"JRUEB"
"324a4673-dfcd-4f24-88a3-cf6394bdbeac","HARV_023.birdGrid.brd","D01","HARV","HARV_023","distributed","C2","2015-05-30T11Z","HARV_023.C2.2015-05-30T06:46-04:00[US/Eastern]",2,"Y","BAWW","Mniotilta varia","species","Black-and-white Warbler",34,"singing","No","Male",1,,"JRUEB"
"45afd2d5-0398-4288-af37-e5ff86627706","HARV_023.birdGrid.brd","D01","HARV","HARV_023","distributed","C2","2015-05-30T11Z","HARV_023.C2.2015-05-30T06:46-04:00[US/Eastern]",1,"Y","GRCA","Dumetella carolinensis","species","Gray Catbird",30,"calling","No","Unknown",1,,"JRUEB"
"0ed8b668-1ba4-4b99-8bfd-7ffdf237e63c","HARV_023.birdGrid.brd","D01","HARV","HARV_023","distributed","C2","2015-05-30T11Z","HARV_023.C2.2015-05-30T06:46-04:00[US/Eastern]",1,"Y","OVEN","Seiurus aurocapilla","species","Ovenbird",33,"singing","No","Male",1,,"JRUEB"
"986dbed3-0dd2-4fb2-be3d-1ff907f51949","HARV_023.birdGrid.brd","D01","HARV","HARV_023","distributed","C2","2015-05-30T11Z","HARV_023.C2.2015-05-30T06:46-04:00[US/Eastern]",2,"Y","RWBL","Agelaius phoeniceus","species","Red-winged Blackbird",12,"calling","No","Unknown",1,,"JRUEB"
"381e1315-0067-4213-a59c-0a071866c37e","HARV_023.birdGrid.brd","D01","HARV","HARV_023","distributed","C2","2015-05-30T11Z","HARV_023.C2.2015-05-30T06:46-04:00[US/Eastern]",1,"Y","YRWA","Setophaga coronata","species","Yellow-rumped Warbler",40,"singing","No","Male",1,,"JRUEB"
"83434f31-6adb-4e85-bd59-0de3f4eac0aa","HARV_023.birdGrid.brd","D01","HARV","HARV_023","distributed","C2","2015-05-30T11Z","HARV_023.C2.2015-05-30T06:46-04:00[US/Eastern]",1,"Y","EAKI","Tyrannus tyrannus","species","Eastern Kingbird",8,"singing","No","Male",1,,"JRUEB"
"4bb323a4-7279-4867-8166-ccb4a57783f1","HARV_023.birdGrid.brd","D01","HARV","HARV_023","distributed","C2","2015-05-30T11Z","HARV_023.C2.2015-05-30T06:46-04:00[US/Eastern]",1,"Y","CEDW","Bombycilla cedrorum","species","Cedar Waxwing",43,"singing","No","Male",1,,"JRUEB"
"14d57972-57ba-4256-81c5-13cdff13ed67","HARV_023.birdGrid.brd","D01","HARV","HARV_023","distributed","C2","2015-05-30T11Z","HARV_023.C2.2015-05-30T06:46-04:00[US/Eastern]",1,"Y","OVEN","Seiurus aurocapilla","species","Ovenbird",29,"singing","No","Male",1,,"JRUEB"
"2d5bcf77-e791-4740-8bb3-b4c315d68e64","HARV_023.birdGrid.brd","D01","HARV","HARV_023","distributed","C2","2015-05-30T11Z","HARV_023.C2.2015-05-30T06:46-04:00[US/Eastern]",1,"Y","SOSP","Melospiza melodia","species","Song Sparrow",20,"singing","No","Male",1,,"JRUEB"
"dfbfc020-efbb-4170-9336-a644b88018e7","HARV_023.birdGrid.brd","D01","HARV","HARV_023","distributed","C2","2015-05-30T11Z","HARV_023.C2.2015-05-30T06:46-04:00[US/Eastern]",6,"Y","BLJA","Cyanocitta cristata","species","Blue Jay",23,"calling","No","Unknown",1,,"JRUEB"
"322ce56e-7077-4ce0-9fbe-e5bd7ea12298","HARV_023.birdGrid.brd","D01","HARV","HARV_023","distributed","C2","2015-05-30T11Z","HARV_023.C2.2015-05-30T06:46-04:00[US/Eastern]",4,"Y","PIWA","Setophaga pinus","species","Pine Warbler",14,"singing","No","Male",1,,"JRUEB"
"02325de6-fa96-458c-951e-50441f946e56","HARV_023.birdGrid.brd","D01","HARV","HARV_023","distributed","C3","2015-05-30T11Z","HARV_023.C3.2015-05-30T07:09-04:00[US/Eastern]",1,"Y","OVEN","Seiurus aurocapilla","species","Ovenbird",20,"singing","No","Male",1,,"JRUEB"
"81e27947-7840-4b36-9c8e-331ef8801319","HARV_023.birdGrid.brd","D01","HARV","HARV_023","distributed","C3","2015-05-30T11Z","HARV_023.C3.2015-05-30T07:09-04:00[US/Eastern]",2,"Y","PIWA","Setophaga pinus","species","Pine Warbler",13,"singing","No","Male",1,,"JRUEB"
"74af10b1-e187-4656-b43a-93ba8e530c7e","HARV_023.birdGrid.brd","D01","HARV","HARV_023","distributed","C3","2015-05-30T11Z","HARV_023.C3.2015-05-30T07:09-04:00[US/Eastern]",2,"Y","BCCH","Poecile atricapillus","species","Black-capped Chickadee",16,"calling","No","Unknown",1,,"JRUEB"
"9750980d-0f2d-4dfc-b690-db2da8e27d6c","HARV_023.birdGrid.brd","D01","HARV","HARV_023","distributed","C3","2015-05-30T11Z","HARV_023.C3.2015-05-30T07:09-04:00[US/Eastern]",1,"Y","YEWA","Setophaga petechia","species","Yellow Warbler",12,"singing","No","Male",1,,"JRUEB"
"0caba3fa-387f-4c5e-b40b-7959804be4dc","HARV_023.birdGrid.brd","D01","HARV","HARV_023","distributed","C3","2015-05-30T11Z","HARV_023.C3.2015-05-30T07:09-04:00[US/Eastern]",1,"Y","EAKI","Tyrannus tyrannus","species","Eastern Kingbird",9,"calling","Yes","Unknown",1,,"JRUEB"
"2eca72c2-b89b-4d18-ab6a-89574c783792","HARV_023.birdGrid.brd","D01","HARV","HARV_023","distributed","C3","2015-05-30T11Z","HARV_023.C3.2015-05-30T07:09-04:00[US/Eastern]",1,"Y","REVI","Vireo olivaceus","species","Red-eyed Vireo",24,"singing","No","Male",1,,"JRUEB"
"f6ae2ab1-d682-49d0-863d-2f8088d52a5e","HARV_023.birdGrid.brd","D01","HARV","HARV_023","distributed","C3","2015-05-30T11Z","HARV_023.C3.2015-05-30T07:09-04:00[US/Eastern]",3,"Y","BAWW","Mniotilta varia","species","Black-and-white Warbler",7,"singing","Yes","Male",1,,"JRUEB"
"3854b146-5807-4487-b0ba-101a94ebf768","HARV_023.birdGrid.brd","D01","HARV","HARV_023","distributed","C3","2015-05-30T11Z","HARV_023.C3.2015-05-30T07:09-04:00[US/Eastern]",1,"Y","EATO","Pipilo erythrophthalmus","species","Eastern Towhee",13,"singing","No","Male",1,,"JRUEB"
"586fb42e-68ab-456d-8cd8-4b399a85af22","HARV_023.birdGrid.brd","D01","HARV","HARV_023","distributed","C3","2015-05-30T11Z","HARV_023.C3.2015-05-30T07:09-04:00[US/Eastern]",1,"Y","COYE","Geothlypis trichas","species","Common Yellowthroat",27,"singing","No","Male",1,,"JRUEB"
"881a8d96-062d-44e4-bebc-3bf19f3e189e","HARV_023.birdGrid.brd","D01","HARV","HARV_023","distributed","B3","2015-05-30T12Z","HARV_023.B3.2015-05-30T07:31-04:00[US/Eastern]",1,"Y","RUGR","Bonasa umbellus","species","Ruffed Grouse",38,"drumming","No","Unknown",1,,"JRUEB"
"d6274b37-32b5-457a-bb34-932e19c2856b","HARV_023.birdGrid.brd","D01","HARV","HARV_023","distributed","B3","2015-05-30T12Z","HARV_023.B3.2015-05-30T07:31-04:00[US/Eastern]",1,"Y","BHCO","Molothrus ater","species","Brown-headed Cowbird",,"flyover","No","Unknown",1,,"JRUEB"
"b38a9c2a-8404-40d9-9e17-6be4e2a5a4fb","HARV_023.birdGrid.brd","D01","HARV","HARV_023","distributed","B3","2015-05-30T12Z","HARV_023.B3.2015-05-30T07:31-04:00[US/Eastern]",1,"Y","OVEN","Seiurus aurocapilla","species","Ovenbird",12,"singing","No","Male",1,,"JRUEB"
"1c5ff204-15dd-4aff-ad83-7b9445280a4e","HARV_023.birdGrid.brd","D01","HARV","HARV_023","distributed","B3","2015-05-30T12Z","HARV_023.B3.2015-05-30T07:31-04:00[US/Eastern]",1,"Y","BAWW","Mniotilta varia","species","Black-and-white Warbler",33,"singing","No","Male",1,,"JRUEB"
"1fc52483-9b20-4534-b49c-628ffd3e2d3d","HARV_023.birdGrid.brd","D01","HARV","HARV_023","distributed","B3","2015-05-30T12Z","HARV_023.B3.2015-05-30T07:31-04:00[US/Eastern]",1,"Y","EAKI","Tyrannus tyrannus","species","Eastern Kingbird",10,"singing","No","Male",1,,"JRUEB"
"395daa66-8a61-4e69-9b41-fe8274c04af7","HARV_023.birdGrid.brd","D01","HARV","HARV_023","distributed","B3","2015-05-30T12Z","HARV_023.B3.2015-05-30T07:31-04:00[US/Eastern]",2,"Y","EATO","Pipilo erythrophthalmus","species","Eastern Towhee",14,"singing","No","Male",1,,"JRUEB"
"d0d01000-3f2f-4e3c-a0be-7eccceef4010","HARV_023.birdGrid.brd","D01","HARV","HARV_023","distributed","B3","2015-05-30T12Z","HARV_023.B3.2015-05-30T07:31-04:00[US/Eastern]",1,"Y","COHA","Accipiter cooperii","species","Cooper's Hawk",,"flyover","No","Unknown",1,,"JRUEB"
"6cfaac82-400a-4f15-b4bf-7d77ad6b0d1c","HARV_023.birdGrid.brd","D01","HARV","HARV_023","distributed","B3","2015-05-30T12Z","HARV_023.B3.2015-05-30T07:31-04:00[US/Eastern]",3,"Y","SCTA","Piranga olivacea","species","Scarlet Tanager",28,"singing","No","Male",1,,"JRUEB"
"dc600f92-a776-4fe4-b421-2a11c47a8ff0","HARV_023.birdGrid.brd","D01","HARV","HARV_023","distributed","B3","2015-05-30T12Z","HARV_023.B3.2015-05-30T07:31-04:00[US/Eastern]",1,"Y","BTNW","Setophaga virens","species","Black-throated Green Warbler",10,"singing","No","Male",1,,"JRUEB"
"8fe8ae29-ced0-4957-9692-cd5315dacd14","HARV_023.birdGrid.brd","D01","HARV","HARV_023","distributed","B3","2015-05-30T12Z","HARV_023.B3.2015-05-30T07:31-04:00[US/Eastern]",1,"Y","EAWP","Contopus virens","species","Eastern Wood-Pewee",50,"singing","No","Male",1,,"JRUEB"
"454ab606-8672-4d91-b096-522c235b91d8","HARV_023.birdGrid.brd","D01","HARV","HARV_023","distributed","B3","2015-05-30T12Z","HARV_023.B3.2015-05-30T07:31-04:00[US/Eastern]",1,"Y","MAWA","Setophaga magnolia","species","Magnolia Warbler",18,"singing","No","Male",1,,"JRUEB"
"161fa48b-486c-423e-ac60-550420faffe7","HARV_023.birdGrid.brd","D01","HARV","HARV_023","distributed","B3","2015-05-30T12Z","HARV_023.B3.2015-05-30T07:31-04:00[US/Eastern]",3,"Y","PIWA","Setophaga pinus","species","Pine Warbler",10,"singing","No","Male",1,,"JRUEB"
"c1b6125c-ca98-41ca-abae-4c1f7b307b00","HARV_023.birdGrid.brd","D01","HARV","HARV_023","distributed","B3","2015-05-30T12Z","HARV_023.B3.2015-05-30T07:31-04:00[US/Eastern]",4,"Y","HETH","Catharus guttatus","species","Hermit Thrush",18,"singing","No","Male",1,,"JRUEB"
"a93d4326-d002-42d3-a1ca-77c3faf99639","HARV_023.birdGrid.brd","D01","HARV","HARV_023","distributed","B3","2015-05-30T12Z","HARV_023.B3.2015-05-30T07:31-04:00[US/Eastern]",1,"Y","VEER","Catharus fuscescens","species","Veery",15,"singing","No","Male",1,,"JRUEB"
"f65f4e76-f1d4-4eca-801c-f883fad5e427","HARV_023.birdGrid.brd","D01","HARV","HARV_023","distributed","A3","2015-05-30T12Z","HARV_023.A3.2015-05-30T07:55-04:00[US/Eastern]",1,"Y","HETH","Catharus guttatus","species","Hermit Thrush",17,"singing","No","Male",1,,"JRUEB"
"13cf9c91-8d2f-4c42-ad3c-758d5fedad87","HARV_023.birdGrid.brd","D01","HARV","HARV_023","distributed","A3","2015-05-30T12Z","HARV_023.A3.2015-05-30T07:55-04:00[US/Eastern]",1,"Y","PIWA","Setophaga pinus","species","Pine Warbler",31,"singing","No","Male",1,,"JRUEB"
"6ab91302-3edf-4d19-8fe2-e437926754e0","HARV_023.birdGrid.brd","D01","HARV","HARV_023","distributed","A3","2015-05-30T12Z","HARV_023.A3.2015-05-30T07:55-04:00[US/Eastern]",6,"Y","GRCA","Dumetella carolinensis","species","Gray Catbird",6,"visual","Yes","Unknown",2,"A","JRUEB"
"c958e4b7-1cd5-459d-9e3b-6b117cc0b232","HARV_023.birdGrid.brd","D01","HARV","HARV_023","distributed","A3","2015-05-30T12Z","HARV_023.A3.2015-05-30T07:55-04:00[US/Eastern]",3,"Y","OVEN","Seiurus aurocapilla","species","Ovenbird",42,"singing","No","Male",1,,"JRUEB"
"1319e4c0-5ff7-4c3a-bfc4-db552366a719","HARV_023.birdGrid.brd","D01","HARV","HARV_023","distributed","A3","2015-05-30T12Z","HARV_023.A3.2015-05-30T07:55-04:00[US/Eastern]",4,"Y","RWBL","Agelaius phoeniceus","species","Red-winged Blackbird",45,"singing","No","Male",1,,"JRUEB"
"561bc954-2175-4b98-be39-fb42946ff237","HARV_023.birdGrid.brd","D01","HARV","HARV_023","distributed","A3","2015-05-30T12Z","HARV_023.A3.2015-05-30T07:55-04:00[US/Eastern]",1,"Y","EAWP","Contopus virens","species","Eastern Wood-Pewee",54,"singing","Yes","Male",1,,"JRUEB"
"beed1c87-3d81-475e-86dc-f376ffad2871","HARV_023.birdGrid.brd","D01","HARV","HARV_023","distributed","A3","2015-05-30T12Z","HARV_023.A3.2015-05-30T07:55-04:00[US/Eastern]",6,"Y","MAWA","Setophaga magnolia","species","Magnolia Warbler",37,"singing","No","Male",1,,"JRUEB"
"5e7daa64-de1e-4378-9eba-acfc07bbdb0d","HARV_023.birdGrid.brd","D01","HARV","HARV_023","distributed","A3","2015-05-30T12Z","HARV_023.A3.2015-05-30T07:55-04:00[US/Eastern]",1,"Y","COYE","Geothlypis trichas","species","Common Yellowthroat",19,"singing","No","Male",1,,"JRUEB"
"38908f5d-d8a8-4e27-9003-7cc4f59c8819","HARV_023.birdGrid.brd","D01","HARV","HARV_023","distributed","A2","2015-05-30T12Z","HARV_023.A2.2015-05-30T08:20-04:00[US/Eastern]",1,"Y","BAWW","Mniotilta varia","species","Black-and-white Warbler",26,"singing","No","Male",1,,"JRUEB"
"5feaed7a-e6fb-4e89-8727-265af738661c","HARV_023.birdGrid.brd","D01","HARV","HARV_023","distributed","A2","2015-05-30T12Z","HARV_023.A2.2015-05-30T08:20-04:00[US/Eastern]",1,"Y","BTNW","Setophaga virens","species","Black-throated Green Warbler",23,"singing","No","Male",1,,"JRUEB"
"c7db4948-f371-4666-ada8-b56b030109cd","HARV_023.birdGrid.brd","D01","HARV","HARV_023","distributed","A2","2015-05-30T12Z","HARV_023.A2.2015-05-30T08:20-04:00[US/Eastern]",4,"Y","BTNW","Setophaga virens","species","Black-throated Green Warbler",18,"singing","No","Male",1,,"JRUEB"
"ad596207-3671-4a0e-8f34-b917deef0dcd","HARV_023.birdGrid.brd","D01","HARV","HARV_023","distributed","A2","2015-05-30T12Z","HARV_023.A2.2015-05-30T08:20-04:00[US/Eastern]",5,"Y","BLBW","Setophaga fusca","species","Blackburnian Warbler",21,"singing","No","Male",1,,"JRUEB"
"c2c0c24d-968a-4e73-b268-5b1ee67fc89e","HARV_023.birdGrid.brd","D01","HARV","HARV_023","distributed","A2","2015-05-30T12Z","HARV_023.A2.2015-05-30T08:20-04:00[US/Eastern]",1,"Y","COYE","Geothlypis trichas","species","Common Yellowthroat",24,"singing","No","Male",1,,"JRUEB"
"3e8de20e-19c2-428f-88f0-532bc86b0a74","HARV_023.birdGrid.brd","D01","HARV","HARV_023","distributed","A2","2015-05-30T12Z","HARV_023.A2.2015-05-30T08:20-04:00[US/Eastern]",1,"Y","REVI","Vireo olivaceus","species","Red-eyed Vireo",21,"singing","No","Male",1,,"JRUEB"
"be82484d-22e4-40a5-8f89-08b64c6350fa","HARV_023.birdGrid.brd","D01","HARV","HARV_023","distributed","A2","2015-05-30T12Z","HARV_023.A2.2015-05-30T08:20-04:00[US/Eastern]",1,"Y","OVEN","Seiurus aurocapilla","species","Ovenbird",21,"singing","No","Male",1,,"JRUEB"
"a10e39e9-91bd-46ee-8756-53070589d680","HARV_023.birdGrid.brd","D01","HARV","HARV_023","distributed","A2","2015-05-30T12Z","HARV_023.A2.2015-05-30T08:20-04:00[US/Eastern]",4,"Y","SCTA","Piranga olivacea","species","Scarlet Tanager",54,"singing","No","Male",1,,"JRUEB"
"f2dbca63-2bfe-4740-a1b0-454d7fb2d0a6","HARV_023.birdGrid.brd","D01","HARV","HARV_023","distributed","B2","2015-05-30T13Z","HARV_023.B2.2015-05-30T08:40-04:00[US/Eastern]",1,"Y","BTNW","Setophaga virens","species","Black-throated Green Warbler",45,"singing","No","Male",1,,"JRUEB"
"108e789e-01e7-45da-bb89-6ea5e38cb93e","HARV_023.birdGrid.brd","D01","HARV","HARV_023","distributed","B2","2015-05-30T13Z","HARV_023.B2.2015-05-30T08:40-04:00[US/Eastern]",4,"Y","BLJA","Cyanocitta cristata","species","Blue Jay",56,"calling","No","Unknown",1,,"JRUEB"
"3558113c-14f9-4a35-935b-efcfb28da297","HARV_023.birdGrid.brd","D01","HARV","HARV_023","distributed","B2","2015-05-30T13Z","HARV_023.B2.2015-05-30T08:40-04:00[US/Eastern]",3,"Y","OVEN","Seiurus aurocapilla","species","Ovenbird",52,"singing","No","Male",1,,"JRUEB"
"d5cd41c4-e333-429b-a4ed-ad2b92dc7225","HARV_023.birdGrid.brd","D01","HARV","HARV_023","distributed","B2","2015-05-30T13Z","HARV_023.B2.2015-05-30T08:40-04:00[US/Eastern]",1,"Y","EATO","Pipilo erythrophthalmus","species","Eastern Towhee",21,"singing","No","Male",1,,"JRUEB"
"fe177ecf-62e3-44e3-8003-3845adb11404","HARV_023.birdGrid.brd","D01","HARV","HARV_023","distributed","B2","2015-05-30T13Z","HARV_023.B2.2015-05-30T08:40-04:00[US/Eastern]",1,"Y","BTNW","Setophaga virens","species","Black-throated Green Warbler",12,"singing","Yes","Male",1,,"JRUEB"
"b0d865b0-1c49-4201-9c31-104d1ef2ed68","HARV_023.birdGrid.brd","D01","HARV","HARV_023","distributed","B2","2015-05-30T13Z","HARV_023.B2.2015-05-30T08:40-04:00[US/Eastern]",6,"Y","VEER","Catharus fuscescens","species","Veery",60,"singing","No","Male",1,,"JRUEB"
"aa6b52df-c5f1-4fe9-bca7-1b2321b1409f","HARV_023.birdGrid.brd","D01","HARV","HARV_023","distributed","B2","2015-05-30T13Z","HARV_023.B2.2015-05-30T08:40-04:00[US/Eastern]",6,"Y","PIWA","Setophaga pinus","species","Pine Warbler",54,"singing","No","Male",1,,"JRUEB"
"451892b9-db8a-45ea-bf23-7b0b632fd22d","HARV_006.birdGrid.brd","D01","HARV","HARV_006","distributed","B1","2015-05-30T14Z","HARV_006.B1.2015-05-30T09:36-04:00[US/Eastern]",3,"Y","SCTA","Piranga olivacea","species","Scarlet Tanager",69,"singing","No","Unknown",1,,"JRUEB"
"7428f892-4dac-4b72-8c21-459533a516bc","HARV_006.birdGrid.brd","D01","HARV","HARV_006","distributed","B1","2015-05-30T14Z","HARV_006.B1.2015-05-30T09:36-04:00[US/Eastern]",1,"Y","BTNW","Setophaga virens","species","Black-throated Green Warbler",20,"singing","No","Male",1,,"JRUEB"
"a83d3d2d-6532-41ad-80c8-c88fc5a77e11","HARV_006.birdGrid.brd","D01","HARV","HARV_006","distributed","B1","2015-05-30T14Z","HARV_006.B1.2015-05-30T09:36-04:00[US/Eastern]",1,"Y","OVEN","Seiurus aurocapilla","species","Ovenbird",24,"singing","No","Male",1,,"JRUEB"
"7f53afbe-4c43-4b42-beaa-456607b0cbaa","HARV_006.birdGrid.brd","D01","HARV","HARV_006","distributed","B1","2015-05-30T14Z","HARV_006.B1.2015-05-30T09:36-04:00[US/Eastern]",1,"Y","BLBW","Setophaga fusca","species","Blackburnian Warbler",26,"singing","No","Male",1,,"JRUEB"
"397e9ebd-e510-46d0-b185-ad0887e95418","HARV_006.birdGrid.brd","D01","HARV","HARV_006","distributed","B1","2015-05-30T14Z","HARV_006.B1.2015-05-30T09:36-04:00[US/Eastern]",1,"Y","REVI","Vireo olivaceus","species","Red-eyed Vireo",38,"singing","No","Male",1,,"JRUEB"
"d08f389d-02f1-48a0-9e84-11bd87f396e3","HARV_006.birdGrid.brd","D01","HARV","HARV_006","distributed","B1","2015-05-30T14Z","HARV_006.B1.2015-05-30T09:36-04:00[US/Eastern]",1,"Y","EAWP","Contopus virens","species","Eastern Wood-Pewee",83,"singing","No","Male",1,,"JRUEB"
"ebf995ad-face-47f5-9c5b-337efa9dcca8","HARV_006.birdGrid.brd","D01","HARV","HARV_006","distributed","B1","2015-05-30T14Z","HARV_006.B1.2015-05-30T09:36-04:00[US/Eastern]",1,"Y","OVEN","Seiurus aurocapilla","species","Ovenbird",55,"singing","Yes","Male",1,,"JRUEB"
"af2af2e3-08e2-4139-9001-d78263361d50","HARV_006.birdGrid.brd","D01","HARV","HARV_006","distributed","B1","2015-05-30T14Z","HARV_006.B1.2015-05-30T09:36-04:00[US/Eastern]",2,"Y","BTNW","Setophaga virens","species","Black-throated Green Warbler",32,"singing","No","Male",1,,"JRUEB"
"519a737a-7fe2-4a26-863f-75d6b7460bb1","HARV_006.birdGrid.brd","D01","HARV","HARV_006","distributed","C1","2015-05-30T14Z","HARV_006.C1.2015-05-30T09:52-04:00[US/Eastern]",2,"Y","PIWA","Setophaga pinus","species","Pine Warbler",23,"singing","No","Male",1,,"JRUEB"
"7fe4220f-8e22-40ec-999b-d5f57ef3ca93","HARV_006.birdGrid.brd","D01","HARV","HARV_006","distributed","C1","2015-05-30T14Z","HARV_006.C1.2015-05-30T09:52-04:00[US/Eastern]",2,"Y","REVI","Vireo olivaceus","species","Red-eyed Vireo",17,"calling","No","Unknown",1,,"JRUEB"
"5294cada-3bbc-43a8-94bf-c412508a4b5c","HARV_006.birdGrid.brd","D01","HARV","HARV_006","distributed","C1","2015-05-30T14Z","HARV_006.C1.2015-05-30T09:52-04:00[US/Eastern]",3,"Y","VEER","Catharus fuscescens","species","Veery",24,"calling","No","Unknown",1,,"JRUEB"
"8a7dd3f7-4902-419d-9785-ce39b0bdad46","HARV_006.birdGrid.brd","D01","HARV","HARV_006","distributed","C1","2015-05-30T14Z","HARV_006.C1.2015-05-30T09:52-04:00[US/Eastern]",1,"Y","EAWP","Contopus virens","species","Eastern Wood-Pewee",34,"visual","Yes","Unknown",1,,"JRUEB"
"23b97dda-57f5-404f-b88b-06c75c502dd3","HARV_006.birdGrid.brd","D01","HARV","HARV_006","distributed","C1","2015-05-30T14Z","HARV_006.C1.2015-05-30T09:52-04:00[US/Eastern]",88,"Y","BADO","Strix varia","species","Barred Owl",,"calling","No","Unknown",1,,"JRUEB"
"88d3441e-6afb-4ded-979e-415cb05cb279","HARV_006.birdGrid.brd","D01","HARV","HARV_006","distributed","C1","2015-05-30T14Z","HARV_006.C1.2015-05-30T09:52-04:00[US/Eastern]",6,"Y","CEDW","Bombycilla cedrorum","species","Cedar Waxwing",26,"singing","No","Unknown",2,"A","JRUEB"
"becc90eb-10cd-49f9-b052-b99ed0e4629e","HARV_006.birdGrid.brd","D01","HARV","HARV_006","distributed","C1","2015-05-30T14Z","HARV_006.C1.2015-05-30T09:52-04:00[US/Eastern]",1,"Y","OVEN","Seiurus aurocapilla","species","Ovenbird",48,"singing","No","Male",1,,"JRUEB"
"62c21f67-335e-42d3-82b7-ebcf4ccb2a41","HARV_006.birdGrid.brd","D01","HARV","HARV_006","distributed","C1","2015-05-30T14Z","HARV_006.C1.2015-05-30T09:52-04:00[US/Eastern]",1,"Y","OVEN","Seiurus aurocapilla","species","Ovenbird",16,"singing","No","Male",1,,"JRUEB"
"9319ca3c-be6c-4f4c-9485-6393d8e1ed4b","HARV_006.birdGrid.brd","D01","HARV","HARV_006","distributed","C1","2015-05-30T14Z","HARV_006.C1.2015-05-30T09:52-04:00[US/Eastern]",4,"Y","BTNW","Setophaga virens","species","Black-throated Green Warbler",53,"singing","No","Male",1,,"JRUEB"
"d32a0bae-ba05-4d72-9a92-1b09b1c2043d","HARV_006.birdGrid.brd","D01","HARV","HARV_006","distributed","C1","2015-05-30T14Z","HARV_006.C1.2015-05-30T09:52-04:00[US/Eastern]",4,"Y","WOTH","Hylocichla mustelina","species","Wood Thrush",57,"singing","No","Male",1,,"JRUEB"
"f9f8673c-acd4-47cb-b180-2acbc49ea28a","HARV_006.birdGrid.brd","D01","HARV","HARV_006","distributed","C1","2015-05-30T14Z","HARV_006.C1.2015-05-30T09:52-04:00[US/Eastern]",6,"Y","BAWW","Mniotilta varia","species","Black-and-white Warbler",18,"singing","No","Male",1,,"JRUEB"
"42277aa4-7f40-4fa2-85e2-207c2a129c10","HARV_006.birdGrid.brd","D01","HARV","HARV_006","distributed","C2","2015-05-30T14Z","HARV_006.C2.2015-05-30T10:08-04:00[US/Eastern]",1,"Y","BTNW","Setophaga virens","species","Black-throated Green Warbler",22,"singing","Yes","Male",1,,"JRUEB"
"1707dbc6-8ddd-4196-829c-812c94289020","HARV_006.birdGrid.brd","D01","HARV","HARV_006","distributed","C2","2015-05-30T14Z","HARV_006.C2.2015-05-30T10:08-04:00[US/Eastern]",1,"Y","EAWP","Contopus virens","species","Eastern Wood-Pewee",48,"singing","No","Male",1,,"JRUEB"
"9f7bcae7-4476-470c-a255-de5218c8b255","HARV_006.birdGrid.brd","D01","HARV","HARV_006","distributed","C2","2015-05-30T14Z","HARV_006.C2.2015-05-30T10:08-04:00[US/Eastern]",5,"Y","PIWO","Dryocopus pileatus","species","Pileated Woodpecker",60,"calling","No","Unknown",1,,"JRUEB"
"2b666229-d991-46b8-b628-4128e6bce907","HARV_006.birdGrid.brd","D01","HARV","HARV_006","distributed","C2","2015-05-30T14Z","HARV_006.C2.2015-05-30T10:08-04:00[US/Eastern]",4,"Y","BLBW","Setophaga fusca","species","Blackburnian Warbler",19,"singing","No","Male",1,,"JRUEB"
"946b4bab-ac9e-47cd-839e-bb11346f504c","HARV_006.birdGrid.brd","D01","HARV","HARV_006","distributed","C2","2015-05-30T14Z","HARV_006.C2.2015-05-30T10:08-04:00[US/Eastern]",1,"Y","GCFL","Myiarchus crinitus","species","Great Crested Flycatcher",28,"calling","No","Unknown",1,,"JRUEB"
"2a7ddd1e-3aca-4a7e-a2df-2b08b9df4b66","HARV_006.birdGrid.brd","D01","HARV","HARV_006","distributed","C2","2015-05-30T14Z","HARV_006.C2.2015-05-30T10:08-04:00[US/Eastern]",3,"Y","REVI","Vireo olivaceus","species","Red-eyed Vireo",23,"singing","No","Male",1,,"JRUEB"
"2bb1e940-60a0-4227-913a-9f62ea6a6ffd","HARV_006.birdGrid.brd","D01","HARV","HARV_006","distributed","A1","2015-05-31T09Z","HARV_006.A1.2015-05-31T05:07-04:00[US/Eastern]",1,"Y","REVI","Vireo olivaceus","species","Red-eyed Vireo",35,"singing","No","Male",1,,"JRUEB"
"3e8507ca-586b-40b8-9d9e-c512e9290e30","HARV_006.birdGrid.brd","D01","HARV","HARV_006","distributed","A1","2015-05-31T09Z","HARV_006.A1.2015-05-31T05:07-04:00[US/Eastern]",1,"Y","OVEN","Seiurus aurocapilla","species","Ovenbird",58,"singing","No","Male",1,,"JRUEB"
"f43014c0-27f7-497e-9b5f-2c441bcfb0c8","HARV_006.birdGrid.brd","D01","HARV","HARV_006","distributed","A1","2015-05-31T09Z","HARV_006.A1.2015-05-31T05:07-04:00[US/Eastern]",1,"Y","BWWA","Vermivora cyanoptera","species","Blue-winged Warbler",11,"singing","No","Male",1,,"JRUEB"
"54662c93-ff52-42ef-9a27-4a42a82f7f34","HARV_006.birdGrid.brd","D01","HARV","HARV_006","distributed","A1","2015-05-31T09Z","HARV_006.A1.2015-05-31T05:07-04:00[US/Eastern]",1,"Y","SCTA","Piranga olivacea","species","Scarlet Tanager",13,"visual","Yes","Male",1,,"JRUEB"
"8edce95f-db20-4fb8-8291-4e1ffb36ce3b","HARV_006.birdGrid.brd","D01","HARV","HARV_006","distributed","A1","2015-05-31T09Z","HARV_006.A1.2015-05-31T05:07-04:00[US/Eastern]",1,"Y","VEER","Catharus fuscescens","species","Veery",22,"singing","No","Male",1,,"JRUEB"
"721cec5c-fa78-4476-a375-2c19b599eb00","HARV_006.birdGrid.brd","D01","HARV","HARV_006","distributed","A2","2015-05-31T09Z","HARV_006.A2.2015-05-31T05:28-04:00[US/Eastern]",1,"Y","VEER","Catharus fuscescens","species","Veery",17,"singing","No","Male",1,,"JRUEB"
"189f5fb9-58c8-4430-bb76-7ba353dfd4fb","HARV_006.birdGrid.brd","D01","HARV","HARV_006","distributed","A2","2015-05-31T09Z","HARV_006.A2.2015-05-31T05:28-04:00[US/Eastern]",1,"Y","VEER","Catharus fuscescens","species","Veery",21,"singing","No","Male",1,,"JRUEB"
"8e2a3424-c52e-4496-bdba-22b93078d7d8","HARV_006.birdGrid.brd","D01","HARV","HARV_006","distributed","A2","2015-05-31T09Z","HARV_006.A2.2015-05-31T05:28-04:00[US/Eastern]",5,"Y","AMCR","Corvus brachyrhynchos","species","American Crow",60,"calling","No","Unknown",1,,"JRUEB"
"81857e8f-e513-48a9-99a2-73e3c1758fbd","HARV_006.birdGrid.brd","D01","HARV","HARV_006","distributed","A2","2015-05-31T09Z","HARV_006.A2.2015-05-31T05:28-04:00[US/Eastern]",1,"Y","OVEN","Seiurus aurocapilla","species","Ovenbird",58,"singing","No","Male",1,,"JRUEB"
"b9099b0b-af21-4e9d-b030-c0645df54da0","HARV_006.birdGrid.brd","D01","HARV","HARV_006","distributed","A2","2015-05-31T09Z","HARV_006.A2.2015-05-31T05:28-04:00[US/Eastern]",6,"Y","YBSA","Sphyrapicus varius","species","Yellow-bellied Sapsucker",80,"drumming","No","Unknown",1,,"JRUEB"
"621bbd44-dfda-40f7-a2d2-b34529d42baa","HARV_006.birdGrid.brd","D01","HARV","HARV_006","distributed","A2","2015-05-31T09Z","HARV_006.A2.2015-05-31T05:28-04:00[US/Eastern]",1,"Y","REVI","Vireo olivaceus","species","Red-eyed Vireo",54,"singing","No","Male",1,,"JRUEB"
"6c92c626-c4ef-44f7-a8b4-d49b6e2e9293","HARV_006.birdGrid.brd","D01","HARV","HARV_006","distributed","A2","2015-05-31T09Z","HARV_006.A2.2015-05-31T05:28-04:00[US/Eastern]",6,"Y","CEDW","Bombycilla cedrorum","species","Cedar Waxwing",65,"calling","No","Unknown",2,"A","JRUEB"
"fa6dac5f-0566-4b11-8461-fdf90d2b5529","HARV_006.birdGrid.brd","D01","HARV","HARV_006","distributed","B2","2015-05-31T10Z","HARV_006.B2.2015-05-31T05:43-04:00[US/Eastern]",1,"Y","EAWP","Contopus virens","species","Eastern Wood-Pewee",17,"singing","No","Male",1,,"JRUEB"
"f1150206-47d8-4eb5-808a-698fab3de62e","HARV_006.birdGrid.brd","D01","HARV","HARV_006","distributed","B2","2015-05-31T10Z","HARV_006.B2.2015-05-31T05:43-04:00[US/Eastern]",1,"Y","OVEN","Seiurus aurocapilla","species","Ovenbird",23,"singing","No","Male",1,,"JRUEB"
"ab99e6d6-9e24-4f77-a750-dc9b6e81fba0","HARV_006.birdGrid.brd","D01","HARV","HARV_006","distributed","B2","2015-05-31T10Z","HARV_006.B2.2015-05-31T05:43-04:00[US/Eastern]",1,"Y","REVI","Vireo olivaceus","species","Red-eyed Vireo",36,"singing","No","Male",1,,"JRUEB"
"405d1339-a386-457d-875a-ebadefc1323f","HARV_006.birdGrid.brd","D01","HARV","HARV_006","distributed","B2","2015-05-31T10Z","HARV_006.B2.2015-05-31T05:43-04:00[US/Eastern]",3,"Y","SCTA","Piranga olivacea","species","Scarlet Tanager",13,"calling","Yes","Unknown",1,,"JRUEB"
"558e162b-a325-4e1b-bdda-886e95644112","HARV_006.birdGrid.brd","D01","HARV","HARV_006","distributed","B2","2015-05-31T10Z","HARV_006.B2.2015-05-31T05:43-04:00[US/Eastern]",1,"Y","REVI","Vireo olivaceus","species","Red-eyed Vireo",12,"singing","Yes","Male",1,,"JRUEB"
"aa53f55e-2287-42b9-b39c-6df8608c9118","HARV_006.birdGrid.brd","D01","HARV","HARV_006","distributed","C3","2015-05-31T10Z","HARV_006.C3.2015-05-31T06:03-04:00[US/Eastern]",1,"Y","OVEN","Seiurus aurocapilla","species","Ovenbird",49,"singing","No","Male",1,,"JRUEB"
"79bb7556-04bb-41be-b1b6-87cb75ee391d","HARV_006.birdGrid.brd","D01","HARV","HARV_006","distributed","C3","2015-05-31T10Z","HARV_006.C3.2015-05-31T06:03-04:00[US/Eastern]",1,"Y","AMRO","Turdus migratorius","species","American Robin",31,"singing","Yes","Male",1,,"JRUEB"
"1b69da7e-12aa-4d78-b4b2-80c49e3934cf","HARV_006.birdGrid.brd","D01","HARV","HARV_006","distributed","C3","2015-05-31T10Z","HARV_006.C3.2015-05-31T06:03-04:00[US/Eastern]",1,"Y","VEER","Catharus fuscescens","species","Veery",51,"singing","No","Male",1,,"JRUEB"
"b91d2ba8-ebe7-46b2-af7c-bf0477b64161","HARV_006.birdGrid.brd","D01","HARV","HARV_006","distributed","C3","2015-05-31T10Z","HARV_006.C3.2015-05-31T06:03-04:00[US/Eastern]",6,"Y","MAWA","Setophaga magnolia","species","Magnolia Warbler",7,"singing","Yes","Male",1,,"JRUEB"
"274c7035-b191-4f15-a1c4-a5c254aa5930","HARV_006.birdGrid.brd","D01","HARV","HARV_006","distributed","C3","2015-05-31T10Z","HARV_006.C3.2015-05-31T06:03-04:00[US/Eastern]",3,"Y","CSWA","Setophaga pensylvanica","species","Chestnut-sided Warbler",18,"singing","No","Male",1,,"JRUEB"
"7efb3e06-99eb-4cb6-8560-383661cea8c8","HARV_006.birdGrid.brd","D01","HARV","HARV_006","distributed","C3","2015-05-31T10Z","HARV_006.C3.2015-05-31T06:03-04:00[US/Eastern]",1,"Y","BTNW","Setophaga virens","species","Black-throated Green Warbler",49,"singing","No","Male",1,,"JRUEB"
"c68092c6-0dcc-48ac-bd5f-98af505dfe7a","HARV_006.birdGrid.brd","D01","HARV","HARV_006","distributed","C3","2015-05-31T10Z","HARV_006.C3.2015-05-31T06:03-04:00[US/Eastern]",2,"Y","CSWA","Setophaga pensylvanica","species","Chestnut-sided Warbler",18,"singing","No","Male",1,,"JRUEB"
"01564905-563c-4ac5-afd0-6e97ceab2468","HARV_006.birdGrid.brd","D01","HARV","HARV_006","distributed","C3","2015-05-31T10Z","HARV_006.C3.2015-05-31T06:03-04:00[US/Eastern]",3,"Y","PIWA","Setophaga pinus","species","Pine Warbler",12,"singing","No","Male",1,,"JRUEB"
"4bf3581f-4409-468f-a6bd-6e84b5bd297c","HARV_006.birdGrid.brd","D01","HARV","HARV_006","distributed","C3","2015-05-31T10Z","HARV_006.C3.2015-05-31T06:03-04:00[US/Eastern]",4,"Y","EAWP","Contopus virens","species","Eastern Wood-Pewee",67,"singing","No","Male",1,,"JRUEB"
"e1da3788-e727-4916-a8c8-81714c773384","HARV_006.birdGrid.brd","D01","HARV","HARV_006","distributed","C3","2015-05-31T10Z","HARV_006.C3.2015-05-31T06:03-04:00[US/Eastern]",1,"Y","AMRE","Setophaga ruticilla","species","American Redstart",36,"singing","Yes","Male",1,,"JRUEB"
"f5264ad4-4fbc-4d51-8445-e5631a09eca2","HARV_006.birdGrid.brd","D01","HARV","HARV_006","distributed","B3","2015-05-31T10Z","HARV_006.B3.2015-05-31T06:25-04:00[US/Eastern]",1,"Y","OVEN","Seiurus aurocapilla","species","Ovenbird",50,"singing","No","Male",1,,"JRUEB"
"30098caf-88d4-4387-b1f9-2a2fa413ed19","HARV_006.birdGrid.brd","D01","HARV","HARV_006","distributed","B3","2015-05-31T10Z","HARV_006.B3.2015-05-31T06:25-04:00[US/Eastern]",1,"Y","EAWP","Contopus virens","species","Eastern Wood-Pewee",54,"singing","No","Male",1,,"JRUEB"
"08a4ea37-8528-4dcb-a273-d3b57a180bb1","HARV_006.birdGrid.brd","D01","HARV","HARV_006","distributed","B3","2015-05-31T10Z","HARV_006.B3.2015-05-31T06:25-04:00[US/Eastern]",3,"Y","BAOR","Icterus galbula","species","Baltimore Oriole",59,"singing","No","Male",1,,"JRUEB"
"a86f7014-9562-4c00-ba0d-651a15cf250d","HARV_006.birdGrid.brd","D01","HARV","HARV_006","distributed","B3","2015-05-31T10Z","HARV_006.B3.2015-05-31T06:25-04:00[US/Eastern]",2,"Y","SCTA","Piranga olivacea","species","Scarlet Tanager",41,"singing","No","Male",1,,"JRUEB"
"2842ddfa-c857-40bf-9cfb-fd70688de86d","HARV_006.birdGrid.brd","D01","HARV","HARV_006","distributed","B3","2015-05-31T10Z","HARV_006.B3.2015-05-31T06:25-04:00[US/Eastern]",3,"Y","BTNW","Setophaga virens","species","Black-throated Green Warbler",31,"singing","No","Male",1,,"JRUEB"
"e1398d03-7550-416f-a3fd-2d446798baf5","HARV_006.birdGrid.brd","D01","HARV","HARV_006","distributed","B3","2015-05-31T10Z","HARV_006.B3.2015-05-31T06:25-04:00[US/Eastern]",1,"Y","BAWW","Mniotilta varia","species","Black-and-white Warbler",27,"singing","No","Male",1,,"JRUEB"
"70d955c6-6986-45a6-9359-392e2f090276","HARV_006.birdGrid.brd","D01","HARV","HARV_006","distributed","B3","2015-05-31T10Z","HARV_006.B3.2015-05-31T06:25-04:00[US/Eastern]",3,"Y","REVI","Vireo olivaceus","species","Red-eyed Vireo",38,"singing","No","Male",1,,"JRUEB"
"5215f81d-0922-449a-880f-805b7c962dda","HARV_006.birdGrid.brd","D01","HARV","HARV_006","distributed","A3","2015-05-31T11Z","HARV_006.A3.2015-05-31T06:40-04:00[US/Eastern]",1,"Y","REVI","Vireo olivaceus","species","Red-eyed Vireo",29,"singing","No","Male",1,,"JRUEB"
"4bf19984-223f-4152-a54a-ad9737da2ef2","HARV_006.birdGrid.brd","D01","HARV","HARV_006","distributed","A3","2015-05-31T11Z","HARV_006.A3.2015-05-31T06:40-04:00[US/Eastern]",1,"Y","EAWP","Contopus virens","species","Eastern Wood-Pewee",13,"singing","No","Male",1,,"JRUEB"
"bdd51b91-5271-417e-be5a-137196983bf8","HARV_006.birdGrid.brd","D01","HARV","HARV_006","distributed","A3","2015-05-31T11Z","HARV_006.A3.2015-05-31T06:40-04:00[US/Eastern]",1,"Y","OVEN","Seiurus aurocapilla","species","Ovenbird",29,"singing","No","Male",1,,"JRUEB"
"93c5b990-d2e0-485e-b748-a1dc17f1008a","HARV_006.birdGrid.brd","D01","HARV","HARV_006","distributed","A3","2015-05-31T11Z","HARV_006.A3.2015-05-31T06:40-04:00[US/Eastern]",2,"Y","REVI","Vireo olivaceus","species","Red-eyed Vireo",23,"singing","No","Male",1,,"JRUEB"
"97033c30-0f38-4e32-8d5b-68d9c81993c8","HARV_013.birdGrid.brd","D01","HARV","HARV_013","distributed","A1","2015-05-31T11Z","HARV_013.A1.2015-05-31T06:59-04:00[US/Eastern]",1,"Y","OVEN","Seiurus aurocapilla","species","Ovenbird",36,"singing","No","Male",1,,"JRUEB"
"7472c403-a89a-41b9-9232-a0d226513030","HARV_013.birdGrid.brd","D01","HARV","HARV_013","distributed","A1","2015-05-31T11Z","HARV_013.A1.2015-05-31T06:59-04:00[US/Eastern]",5,"Y","GCFL","Myiarchus crinitus","species","Great Crested Flycatcher",51,"calling","No","Unknown",1,,"JRUEB"
"dd093006-e966-4c17-8b0b-59adf1d87060","HARV_013.birdGrid.brd","D01","HARV","HARV_013","distributed","A1","2015-05-31T11Z","HARV_013.A1.2015-05-31T06:59-04:00[US/Eastern]",3,"Y","PIWA","Setophaga pinus","species","Pine Warbler",23,"singing","No","Male",1,,"JRUEB"
"830f8299-47e9-47a2-af91-d134a4d10956","HARV_013.birdGrid.brd","D01","HARV","HARV_013","distributed","A1","2015-05-31T11Z","HARV_013.A1.2015-05-31T06:59-04:00[US/Eastern]",1,"Y","BTNW","Setophaga virens","species","Black-throated Green Warbler",26,"singing","No","Male",1,,"JRUEB"
"14b455ce-6c1c-49f3-be1b-3d3455bdc15b","HARV_013.birdGrid.brd","D01","HARV","HARV_013","distributed","A1","2015-05-31T11Z","HARV_013.A1.2015-05-31T06:59-04:00[US/Eastern]",1,"Y","CHSP","Spizella passerina","species","Chipping Sparrow",49,"singing","No","Male",1,,"JRUEB"
"21fe3016-177e-488f-8eb2-4d5c5d373441","HARV_013.birdGrid.brd","D01","HARV","HARV_013","distributed","A1","2015-05-31T11Z","HARV_013.A1.2015-05-31T06:59-04:00[US/Eastern]",1,"Y","REVI","Vireo olivaceus","species","Red-eyed Vireo",18,"singing","No","Male",1,,"JRUEB"
"dcbe0db0-db19-4910-975a-9ea1c1acd096","HARV_013.birdGrid.brd","D01","HARV","HARV_013","distributed","A1","2015-05-31T11Z","HARV_013.A1.2015-05-31T06:59-04:00[US/Eastern]",6,"Y","WBNU","Sitta carolinensis","species","White-breasted Nuthatch",40,"calling","No","Unknown",1,,"JRUEB"
"86628937-f9e5-400a-84a8-c9a4bb80047a","HARV_013.birdGrid.brd","D01","HARV","HARV_013","distributed","A1","2015-05-31T11Z","HARV_013.A1.2015-05-31T06:59-04:00[US/Eastern]",5,"Y","BHCO","Molothrus ater","species","Brown-headed Cowbird",19,"calling","No","Unknown",1,,"JRUEB"
"962b5d9f-d03c-4292-89d4-d31606c74a8b","HARV_013.birdGrid.brd","D01","HARV","HARV_013","distributed","B1","2015-05-31T11Z","HARV_013.B1.2015-05-31T07:20-04:00[US/Eastern]",5,"Y","MODO","Zenaida macroura","species","Mourning Dove",48,"singing","No","Unknown",1,,"JRUEB"
"177dff0f-8045-4637-ab9d-c9658233af84","HARV_013.birdGrid.brd","D01","HARV","HARV_013","distributed","B1","2015-05-31T11Z","HARV_013.B1.2015-05-31T07:20-04:00[US/Eastern]",1,"Y","SCTA","Piranga olivacea","species","Scarlet Tanager",28,"singing","No","Male",1,,"JRUEB"
"3c52d816-16d3-4955-8862-66e02560f919","HARV_013.birdGrid.brd","D01","HARV","HARV_013","distributed","B1","2015-05-31T11Z","HARV_013.B1.2015-05-31T07:20-04:00[US/Eastern]",1,"Y","BTNW","Setophaga virens","species","Black-throated Green Warbler",25,"singing","Yes","Male",1,,"JRUEB"
"33a0b21a-e981-4313-8d76-0a095dd9fd41","HARV_013.birdGrid.brd","D01","HARV","HARV_013","distributed","B1","2015-05-31T11Z","HARV_013.B1.2015-05-31T07:20-04:00[US/Eastern]",2,"Y","GCFL","Myiarchus crinitus","species","Great Crested Flycatcher",56,"singing","No","Male",1,,"JRUEB"
"0125862e-d3c4-41fb-a9af-974b90003be5","HARV_013.birdGrid.brd","D01","HARV","HARV_013","distributed","B1","2015-05-31T11Z","HARV_013.B1.2015-05-31T07:20-04:00[US/Eastern]",1,"Y","OVEN","Seiurus aurocapilla","species","Ovenbird",23,"singing","No","Male",1,,"JRUEB"
"448271fa-543e-4ae8-a002-c963bdda4465","HARV_013.birdGrid.brd","D01","HARV","HARV_013","distributed","B1","2015-05-31T11Z","HARV_013.B1.2015-05-31T07:20-04:00[US/Eastern]",4,"Y","VEER","Catharus fuscescens","species","Veery",29,"singing","No","Male",1,,"JRUEB"
"b79d32be-9525-42f3-8c2e-ec5de7c50492","HARV_013.birdGrid.brd","D01","HARV","HARV_013","distributed","B1","2015-05-31T11Z","HARV_013.B1.2015-05-31T07:20-04:00[US/Eastern]",4,"Y","NOCA","Cardinalis cardinalis","species","Northern Cardinal",51,"calling","No","Unknown",1,,"JRUEB"
"baf96843-b8a1-45fd-9c55-0e60628e7e00","HARV_013.birdGrid.brd","D01","HARV","HARV_013","distributed","B1","2015-05-31T11Z","HARV_013.B1.2015-05-31T07:20-04:00[US/Eastern]",6,"Y","WBNU","Sitta carolinensis","species","White-breasted Nuthatch",31,"calling","No","Unknown",1,,"JRUEB"
"971ec5a7-0376-48b8-9fde-31cf82e8ebb4","HARV_013.birdGrid.brd","D01","HARV","HARV_013","distributed","B1","2015-05-31T11Z","HARV_013.B1.2015-05-31T07:20-04:00[US/Eastern]",1,"Y","VEER","Catharus fuscescens","species","Veery",15,"singing","No","Male",1,,"JRUEB"
"1f02ef6d-f7d6-4863-99a4-560830971952","HARV_013.birdGrid.brd","D01","HARV","HARV_013","distributed","C1","2015-05-31T12Z","HARV_013.C1.2015-05-31T07:40-04:00[US/Eastern]",6,"Y","AMRO","Turdus migratorius","species","American Robin",,"flyover","Yes","Unknown",2,"D","JRUEB"
"f335ab5f-78c4-4f36-8109-d4138f8c2722","HARV_013.birdGrid.brd","D01","HARV","HARV_013","distributed","C1","2015-05-31T12Z","HARV_013.C1.2015-05-31T07:40-04:00[US/Eastern]",1,"Y","REVI","Vireo olivaceus","species","Red-eyed Vireo",11,"singing","No","Male",1,,"JRUEB"
"206ecfc7-e05b-4af1-89bc-68758ddfb4f0","HARV_013.birdGrid.brd","D01","HARV","HARV_013","distributed","C1","2015-05-31T12Z","HARV_013.C1.2015-05-31T07:40-04:00[US/Eastern]",1,"Y","TRES","Tachycineta bicolor","species","Tree Swallow",134,"visual","Yes","Unknown",3,"A","JRUEB"
"5813b139-8990-4ac5-9825-5410679f87b1","HARV_013.birdGrid.brd","D01","HARV","HARV_013","distributed","C1","2015-05-31T12Z","HARV_013.C1.2015-05-31T07:40-04:00[US/Eastern]",5,"Y","EAKI","Tyrannus tyrannus","species","Eastern Kingbird",44,"singing","Yes","Unknown",2,"C","JRUEB"
"405a00f3-8a4b-4b48-a7a4-a0f2dcb292cb","HARV_013.birdGrid.brd","D01","HARV","HARV_013","distributed","C1","2015-05-31T12Z","HARV_013.C1.2015-05-31T07:40-04:00[US/Eastern]",6,"Y","EATO","Pipilo erythrophthalmus","species","Eastern Towhee",18,"calling","No","Unknown",1,,"JRUEB"
"c4cfef7c-97df-4cd3-83e4-2cd9376e97ca","HARV_013.birdGrid.brd","D01","HARV","HARV_013","distributed","C1","2015-05-31T12Z","HARV_013.C1.2015-05-31T07:40-04:00[US/Eastern]",6,"Y","MODO","Zenaida macroura","species","Mourning Dove",63,"singing","No","Unknown",1,,"JRUEB"
"2d3f4853-ce9d-45e8-9d11-5f7eca207b7e","HARV_013.birdGrid.brd","D01","HARV","HARV_013","distributed","C1","2015-05-31T12Z","HARV_013.C1.2015-05-31T07:40-04:00[US/Eastern]",6,"Y","PIWA","Setophaga pinus","species","Pine Warbler",55,"singing","No","Male",1,,"JRUEB"
"b1e6b725-31df-4d96-96cb-746600967c1c","HARV_013.birdGrid.brd","D01","HARV","HARV_013","distributed","C1","2015-05-31T12Z","HARV_013.C1.2015-05-31T07:40-04:00[US/Eastern]",6,"Y","BLJA","Cyanocitta cristata","species","Blue Jay",20,"calling","Yes","Unknown",1,,"JRUEB"
"7f964b1d-d021-45b7-b163-f778e15904e8","HARV_013.birdGrid.brd","D01","HARV","HARV_013","distributed","C1","2015-05-31T12Z","HARV_013.C1.2015-05-31T07:40-04:00[US/Eastern]",3,"Y","OVEN","Seiurus aurocapilla","species","Ovenbird",53,"singing","No","Male",1,,"JRUEB"
"bacfbfc8-ce37-404f-8ed5-63b72d9eea07","HARV_013.birdGrid.brd","D01","HARV","HARV_013","distributed","C1","2015-05-31T12Z","HARV_013.C1.2015-05-31T07:40-04:00[US/Eastern]",1,"Y","CEDW","Bombycilla cedrorum","species","Cedar Waxwing",32,"singing","Yes","Unknown",2,"B","JRUEB"
"97df66ab-1328-42f0-91da-709ec50384ac","HARV_013.birdGrid.brd","D01","HARV","HARV_013","distributed","C1","2015-05-31T12Z","HARV_013.C1.2015-05-31T07:40-04:00[US/Eastern]",6,"Y","COYE","Geothlypis trichas","species","Common Yellowthroat",75,"singing","No","Male",1,,"JRUEB"
"f4601911-4705-4e29-9b4a-da97eaa84fa9","HARV_013.birdGrid.brd","D01","HARV","HARV_013","distributed","C2","2015-05-31T12Z","HARV_013.C2.2015-05-31T08:02-04:00[US/Eastern]",1,"Y","OVEN","Seiurus aurocapilla","species","Ovenbird",15,"singing","No","Male",1,,"JRUEB"
"881a745f-8c7d-44b6-ad67-0de66f2473d2","HARV_013.birdGrid.brd","D01","HARV","HARV_013","distributed","C2","2015-05-31T12Z","HARV_013.C2.2015-05-31T08:02-04:00[US/Eastern]",1,"Y","GCFL","Myiarchus crinitus","species","Great Crested Flycatcher",28,"calling","No","Unknown",1,,"JRUEB"
"132fd76a-f431-458f-b86a-b204a9868630","HARV_013.birdGrid.brd","D01","HARV","HARV_013","distributed","C2","2015-05-31T12Z","HARV_013.C2.2015-05-31T08:02-04:00[US/Eastern]",1,"Y","REVI","Vireo olivaceus","species","Red-eyed Vireo",16,"singing","No","Male",1,,"JRUEB"
"8c95d0d1-b247-4519-ae93-7e26299cc0c0","HARV_013.birdGrid.brd","D01","HARV","HARV_013","distributed","C2","2015-05-31T12Z","HARV_013.C2.2015-05-31T08:02-04:00[US/Eastern]",1,"Y","REVI","Vireo olivaceus","species","Red-eyed Vireo",11,"singing","No","Male",1,,"JRUEB"
"526afb71-d18b-410f-bc50-a4422ee39f4f","HARV_013.birdGrid.brd","D01","HARV","HARV_013","distributed","C2","2015-05-31T12Z","HARV_013.C2.2015-05-31T08:02-04:00[US/Eastern]",5,"Y","EAWP","Contopus virens","species","Eastern Wood-Pewee",40,"singing","No","Unknown",1,,"JRUEB"
"c3a5538a-bd48-433c-9662-00c4ba4f4e9f","HARV_013.birdGrid.brd","D01","HARV","HARV_013","distributed","C2","2015-05-31T12Z","HARV_013.C2.2015-05-31T08:02-04:00[US/Eastern]",1,"Y","AMRE","Setophaga ruticilla","species","American Redstart",13,"singing","No","Male",1,,"JRUEB"
"0e98ff33-f42c-4975-85fd-96ffa8afdfab","HARV_013.birdGrid.brd","D01","HARV","HARV_013","distributed","C3","2015-05-31T12Z","HARV_013.C3.2015-05-31T08:25-04:00[US/Eastern]",1,"Y","PIWA","Setophaga pinus","species","Pine Warbler",20,"singing","No","Male",1,,"JRUEB"
"6b62f8bf-dee4-4230-8f70-487a993ba952","HARV_013.birdGrid.brd","D01","HARV","HARV_013","distributed","C3","2015-05-31T12Z","HARV_013.C3.2015-05-31T08:25-04:00[US/Eastern]",1,"Y","OVEN","Seiurus aurocapilla","species","Ovenbird",9,"singing","No","Male",1,,"JRUEB"
"5bf016e6-50fd-4f6f-abba-414b0ce320d2","HARV_013.birdGrid.brd","D01","HARV","HARV_013","distributed","C3","2015-05-31T12Z","HARV_013.C3.2015-05-31T08:25-04:00[US/Eastern]",1,"Y","OVEN","Seiurus aurocapilla","species","Ovenbird",13,"singing","No","Male",1,,"JRUEB"
"acc6c453-bedb-4ebf-b607-3e345b5d6fe1","HARV_013.birdGrid.brd","D01","HARV","HARV_013","distributed","C3","2015-05-31T12Z","HARV_013.C3.2015-05-31T08:25-04:00[US/Eastern]",3,"Y","COYE","Geothlypis trichas","species","Common Yellowthroat",53,"singing","No","Male",1,,"JRUEB"
"b1a3ff00-4bf7-4e88-9acf-c5d40f4fb7b6","HARV_013.birdGrid.brd","D01","HARV","HARV_013","distributed","C3","2015-05-31T12Z","HARV_013.C3.2015-05-31T08:25-04:00[US/Eastern]",4,"Y","BAWW","Mniotilta varia","species","Black-and-white Warbler",37,"singing","No","Male",1,,"JRUEB"
"f4c0b4de-6ea9-4a96-aec5-7b6c928c28af","HARV_013.birdGrid.brd","D01","HARV","HARV_013","distributed","C3","2015-05-31T12Z","HARV_013.C3.2015-05-31T08:25-04:00[US/Eastern]",3,"Y","RUGR","Bonasa umbellus","species","Ruffed Grouse",70,"drumming","No","Unknown",1,,"JRUEB"
"cb9f1d48-9228-4703-ad66-c6257339e3f1","HARV_013.birdGrid.brd","D01","HARV","HARV_013","distributed","C3","2015-05-31T12Z","HARV_013.C3.2015-05-31T08:25-04:00[US/Eastern]",6,"Y","GCFL","Myiarchus crinitus","species","Great Crested Flycatcher",42,"calling","No","Unknown",1,,"JRUEB"
"dc22c9d4-8210-469d-b03d-0654d6107e87","HARV_013.birdGrid.brd","D01","HARV","HARV_013","distributed","C3","2015-05-31T12Z","HARV_013.C3.2015-05-31T08:25-04:00[US/Eastern]",1,"Y","REVI","Vireo olivaceus","species","Red-eyed Vireo",15,"singing","No","Male",1,,"JRUEB"
"09fe34a5-d7a9-4139-b8b8-52fa46904a77","HARV_013.birdGrid.brd","D01","HARV","HARV_013","distributed","C3","2015-05-31T12Z","HARV_013.C3.2015-05-31T08:25-04:00[US/Eastern]",5,"Y","EATO","Pipilo erythrophthalmus","species","Eastern Towhee",30,"calling","No","Unknown",1,,"JRUEB"
"e23e5dc6-b1fb-4f42-9747-78030bf79966","HARV_013.birdGrid.brd","D01","HARV","HARV_013","distributed","B3","2015-05-31T13Z","HARV_013.B3.2015-05-31T08:50-04:00[US/Eastern]",1,"Y","REVI","Vireo olivaceus","species","Red-eyed Vireo",40,"singing","No","Male",1,,"JRUEB"
"1dee6622-6e02-4ef6-b749-22c311697548","HARV_013.birdGrid.brd","D01","HARV","HARV_013","distributed","B3","2015-05-31T13Z","HARV_013.B3.2015-05-31T08:50-04:00[US/Eastern]",4,"Y","AMRE","Setophaga ruticilla","species","American Redstart",33,"singing","No","Male",1,,"JRUEB"
"d82e2a7f-b76e-4ede-afda-650e5d1e1788","HARV_013.birdGrid.brd","D01","HARV","HARV_013","distributed","B3","2015-05-31T13Z","HARV_013.B3.2015-05-31T08:50-04:00[US/Eastern]",1,"Y","BTNW","Setophaga virens","species","Black-throated Green Warbler",50,"singing","No","Male",1,,"JRUEB"
"378e23f0-012e-4a5e-aaa0-2c751debbd4b","HARV_013.birdGrid.brd","D01","HARV","HARV_013","distributed","B3","2015-05-31T13Z","HARV_013.B3.2015-05-31T08:50-04:00[US/Eastern]",6,"Y","VEER","Catharus fuscescens","species","Veery",40,"calling","No","Unknown",1,,"JRUEB"
"5c4b0ae1-488a-4af4-b248-b51106dc04bc","HARV_013.birdGrid.brd","D01","HARV","HARV_013","distributed","B3","2015-05-31T13Z","HARV_013.B3.2015-05-31T08:50-04:00[US/Eastern]",1,"Y","REVI","Vireo olivaceus","species","Red-eyed Vireo",17,"singing","Yes","Male",1,,"JRUEB"
"c63a4a05-8191-48ce-a9ec-3b0ff6716005","HARV_013.birdGrid.brd","D01","HARV","HARV_013","distributed","B3","2015-05-31T13Z","HARV_013.B3.2015-05-31T08:50-04:00[US/Eastern]",3,"Y","UNBI","Aves sp.","class",,80,"calling","No","Unknown",1,,"JRUEB"
"df4862ab-91a9-46af-82ce-473a003813b1","HARV_013.birdGrid.brd","D01","HARV","HARV_013","distributed","B3","2015-05-31T13Z","HARV_013.B3.2015-05-31T08:50-04:00[US/Eastern]",1,"Y","BAWW","Mniotilta varia","species","Black-and-white Warbler",56,"singing","No","Male",1,,"JRUEB"
"fef2ee9c-6fc2-4bd9-afa0-0cadac69e2c4","HARV_013.birdGrid.brd","D01","HARV","HARV_013","distributed","A3","2015-05-31T13Z","HARV_013.A3.2015-05-31T09:06-04:00[US/Eastern]",4,"Y","BLJA","Cyanocitta cristata","species","Blue Jay",10,"calling","Yes","Unknown",1,,"JRUEB"
"a797e2c3-142d-482c-a8b9-ddba3dcfc5c7","HARV_013.birdGrid.brd","D01","HARV","HARV_013","distributed","A3","2015-05-31T13Z","HARV_013.A3.2015-05-31T09:06-04:00[US/Eastern]",3,"Y","GCFL","Myiarchus crinitus","species","Great Crested Flycatcher",10,"calling","Yes","Unknown",1,,"JRUEB"
"b71483a0-1b2b-4b56-94a2-947de1535259","HARV_013.birdGrid.brd","D01","HARV","HARV_013","distributed","A3","2015-05-31T13Z","HARV_013.A3.2015-05-31T09:06-04:00[US/Eastern]",1,"Y","EATO","Pipilo erythrophthalmus","species","Eastern Towhee",32,"singing","No","Male",1,,"JRUEB"
"30bb9e6d-77e1-4448-9530-2b366beeda64","HARV_013.birdGrid.brd","D01","HARV","HARV_013","distributed","A3","2015-05-31T13Z","HARV_013.A3.2015-05-31T09:06-04:00[US/Eastern]",2,"Y","SCTA","Piranga olivacea","species","Scarlet Tanager",22,"singing","No","Male",1,,"JRUEB"
"792cf2d5-683c-4dbd-80fe-41f3b74977d8","HARV_013.birdGrid.brd","D01","HARV","HARV_013","distributed","A2","2015-05-31T13Z","HARV_013.A2.2015-05-31T09:21-04:00[US/Eastern]",3,"Y","BLJA","Cyanocitta cristata","species","Blue Jay",54,"calling","No","Unknown",1,,"JRUEB"
"f8125583-0e8d-4a47-8342-0b77940e13d8","HARV_013.birdGrid.brd","D01","HARV","HARV_013","distributed","A2","2015-05-31T13Z","HARV_013.A2.2015-05-31T09:21-04:00[US/Eastern]",6,"Y","COYE","Geothlypis trichas","species","Common Yellowthroat",62,"singing","No","Male",1,,"JRUEB"
"d391dd54-029a-4d8c-9cf1-92bfe931eab7","HARV_013.birdGrid.brd","D01","HARV","HARV_013","distributed","A2","2015-05-31T13Z","HARV_013.A2.2015-05-31T09:21-04:00[US/Eastern]",1,"Y","HAWO","Picoides villosus","species","Hairy Woodpecker",23,"calling","Yes","Unknown",1,,"JRUEB"
"b3b97a97-ec07-46cb-9244-81acd1685f1a","HARV_013.birdGrid.brd","D01","HARV","HARV_013","distributed","A2","2015-05-31T13Z","HARV_013.A2.2015-05-31T09:21-04:00[US/Eastern]",3,"Y","BTNW","Setophaga virens","species","Black-throated Green Warbler",40,"singing","No","Male",1,,"JRUEB"
"0931e3e1-f595-4ec4-8eca-c13288dc9954","HARV_013.birdGrid.brd","D01","HARV","HARV_013","distributed","A2","2015-05-31T13Z","HARV_013.A2.2015-05-31T09:21-04:00[US/Eastern]",6,"Y","SCTA","Piranga olivacea","species","Scarlet Tanager",55,"calling","Yes","Male",1,,"JRUEB"
"453fbe20-6cb2-4d54-89d9-69f5f0420b37","HARV_013.birdGrid.brd","D01","HARV","HARV_013","distributed","A2","2015-05-31T13Z","HARV_013.A2.2015-05-31T09:21-04:00[US/Eastern]",3,"Y","BLBW","Setophaga fusca","species","Blackburnian Warbler",51,"singing","No","Male",1,,"JRUEB"
"3fc3b92f-d73f-4dc3-a32b-5ad823d30cff","HARV_013.birdGrid.brd","D01","HARV","HARV_013","distributed","A2","2015-05-31T13Z","HARV_013.A2.2015-05-31T09:21-04:00[US/Eastern]",1,"Y","RBWO","Melanerpes carolinus","species","Red-bellied Woodpecker",22,"calling","Yes","Unknown",1,,"JRUEB"
"764a71c6-7608-498c-8f83-49440cc8eee9","HARV_013.birdGrid.brd","D01","HARV","HARV_013","distributed","A2","2015-05-31T13Z","HARV_013.A2.2015-05-31T09:21-04:00[US/Eastern]",1,"Y","REVI","Vireo olivaceus","species","Red-eyed Vireo",13,"singing","Yes","Male",1,,"JRUEB"
"d598c525-ebaf-44e6-baf4-15feb35e8b56","HARV_013.birdGrid.brd","D01","HARV","HARV_013","distributed","A2","2015-05-31T13Z","HARV_013.A2.2015-05-31T09:21-04:00[US/Eastern]",1,"Y","EAWP","Contopus virens","species","Eastern Wood-Pewee",19,"calling","No","Unknown",1,,"JRUEB"
"6c9ae598-74a6-417c-8942-11a2c39e3c7e","HARV_013.birdGrid.brd","D01","HARV","HARV_013","distributed","B2","2015-05-31T14Z","HARV_013.B2.2015-05-31T09:45-04:00[US/Eastern]",1,"Y","AMRE","Setophaga ruticilla","species","American Redstart",34,"singing","No","Male",1,,"JRUEB"
"e940a4b8-7862-448d-84b4-eda1d238b92d","HARV_013.birdGrid.brd","D01","HARV","HARV_013","distributed","B2","2015-05-31T14Z","HARV_013.B2.2015-05-31T09:45-04:00[US/Eastern]",5,"Y","PIWA","Setophaga pinus","species","Pine Warbler",46,"singing","No","Male",1,,"JRUEB"
"0a596f20-ebef-47d3-9288-a30c15b538fb","HARV_013.birdGrid.brd","D01","HARV","HARV_013","distributed","B2","2015-05-31T14Z","HARV_013.B2.2015-05-31T09:45-04:00[US/Eastern]",1,"Y","EAWP","Contopus virens","species","Eastern Wood-Pewee",43,"singing","No","Male",1,,"JRUEB"
"86ea2e9b-dbff-49ce-a6b1-bf1f9bcbcb93","HARV_013.birdGrid.brd","D01","HARV","HARV_013","distributed","B2","2015-05-31T14Z","HARV_013.B2.2015-05-31T09:45-04:00[US/Eastern]",3,"Y","COYE","Geothlypis trichas","species","Common Yellowthroat",33,"singing","No","Male",1,,"JRUEB"
"7ae58537-d066-4d9d-b529-3b0b1294fce6","HARV_013.birdGrid.brd","D01","HARV","HARV_013","distributed","B2","2015-05-31T14Z","HARV_013.B2.2015-05-31T09:45-04:00[US/Eastern]",1,"Y","VEER","Catharus fuscescens","species","Veery",38,"calling","No","Unknown",1,,"JRUEB"
"c21cb41f-d169-486a-b9d2-2f38bd40138b","HARV_013.birdGrid.brd","D01","HARV","HARV_013","distributed","B2","2015-05-31T14Z","HARV_013.B2.2015-05-31T09:45-04:00[US/Eastern]",1,"Y","OVEN","Seiurus aurocapilla","species","Ovenbird",31,"singing","No","Male",1,,"JRUEB"
"8d703802-912b-4a15-95c3-e3dd92c50956","HARV_013.birdGrid.brd","D01","HARV","HARV_013","distributed","B2","2015-05-31T14Z","HARV_013.B2.2015-05-31T09:45-04:00[US/Eastern]",1,"Y","BTNW","Setophaga virens","species","Black-throated Green Warbler",44,"singing","No","Male",1,,"JRUEB"
"9bcfd2ac-4b0e-4cfd-8ffe-500c3af7e4e5","HARV_013.birdGrid.brd","D01","HARV","HARV_013","distributed","B2","2015-05-31T14Z","HARV_013.B2.2015-05-31T09:45-04:00[US/Eastern]",2,"Y","REVI","Vireo olivaceus","species","Red-eyed Vireo",17,"singing","No","Male",1,,"JRUEB"
